a9,a,c,b,e,d,g,f,i,h,j
0,27,21,538,0,0,0,0,0,0,0
1,35,19,586,0,0,0,0,0,0,0
*,*,*,*,*,*,*,*,*,*,*
reg1,a,c,b,e,d,g,f,i,h,k,j,m,l,o,n,q,p,r
0,20,35,29,24,73,23,25,15,9,57,20,118,23,0,43,26,22,24
1,27,42,28,30,83,22,23,26,45,51,21,89,29,0,49,23,27,25
*,*,*,*,*,*,*,*,*,*,*
prov1,a,c,b,e,d,g,f,i,h,k,j,m,l,o,n,q,p,s,r,u,t,w,y,x,z
0,20,20,29,22,15,24,27,25,24,9,23,20,15,33,24,39,23,18,29,43,32,22,24,26,0
1,27,21,28,29,21,20,34,23,30,45,22,21,26,21,30,24,29,20,19,49,26,27,25,23,0
*,*,*,*,*,*,*,*,*,*,*
a1,a,b
0,284,302
1,284,356
*,*,*,*,*,*,*,*,*,*,*
a2,a,c,b
0,586,0,0
1,0,640,0
*,*,*,*,*,*,*,*,*,*,*
a3a,a,b
0,86,485
1,113,514
*,*,*,*,*,*,*,*,*,*,*
a3b,a,b
0,125,446
1,153,474
*,*,*,*,*,*,*,*,*,*,*
a3c,a,b
0,553,17
1,612,15
*,*,*,*,*,*,*,*,*,*,*
a3d,a,b
0,561,9
1,613,14
*,*,*,*,*,*,*,*,*,*,*
a3e,a,b
0,374,196
1,453,174
*,*,*,*,*,*,*,*,*,*,*
a3f,a,b
0,165,406
1,193,434
*,*,*,*,*,*,*,*,*,*,*
a3g,a,b
0,567,3
1,615,12
*,*,*,*,*,*,*,*,*,*,*
a3h,a,b
0,557,13
1,613,14
*,*,*,*,*,*,*,*,*,*,*
a3i,a,b
0,553,17
1,611,16
*,*,*,*,*,*,*,*,*,*,*
a3j,a,b
0,569,1
1,626,1
*,*,*,*,*,*,*,*,*,*,*
a3k,a,b
0,570,0
1,627,0
*,*,*,*,*,*,*,*,*,*,*
a3l,a,b
0,540,30
1,603,24
*,*,*,*,*,*,*,*,*,*,*
a4a,a,b
0,6,571
1,59,575
*,*,*,*,*,*,*,*,*,*,*
a4g,a,b
0,575,1
1,618,16
*,*,*,*,*,*,*,*,*,*,*
a4h,a,b
0,573,3
1,619,15
*,*,*,*,*,*,*,*,*,*,*
a4c,a,b
0,574,2
1,615,19
*,*,*,*,*,*,*,*,*,*,*
a4d,a,b
0,571,5
1,624,10
*,*,*,*,*,*,*,*,*,*,*
a4e,a,b
0,573,3
1,621,13
*,*,*,*,*,*,*,*,*,*,*
a4f,a,b
0,456,120
1,413,221
*,*,*,*,*,*,*,*,*,*,*
a4i,a,b
0,531,46
1,562,72
*,*,*,*,*,*,*,*,*,*,*
a5,a,x,c,b
0,3,1,0,572
1,5,0,2,620
*,*,*,*,*,*,*,*,*,*,*
b1,x,null
0,114,451
1,62,570
*,*,*,*,*,*,*,*,*,*,*
b3,a,b
0,78,488
1,33,597
*,*,*,*,*,*,*,*,*,*,*
b6a,a,x,b
0,475,7,78
1,373,4,250
*,*,*,*,*,*,*,*,*,*,*
b6b,a,x,b
0,335,4,222
1,258,5,362
*,*,*,*,*,*,*,*,*,*,*
b6c,a,x,b
0,449,2,108
1,418,0,207
*,*,*,*,*,*,*,*,*,*,*
b6d,a,x,b
0,371,4,180
1,404,5,214
*,*,*,*,*,*,*,*,*,*,*
b6e,a,x,b
0,510,3,36
1,510,2,107
*,*,*,*,*,*,*,*,*,*,*
b6f,a,x,b
0,443,3,108
1,348,5,268
*,*,*,*,*,*,*,*,*,*,*
b6g,a,x,b
0,358,4,189
1,438,7,174
*,*,*,*,*,*,*,*,*,*,*
b7a,a,x,b
0,455,2,98
1,419,3,194
*,*,*,*,*,*,*,*,*,*,*
b7b,a,x,b
0,371,1,184
1,255,3,359
*,*,*,*,*,*,*,*,*,*,*
b7c,a,x,b
0,379,2,173
1,414,6,203
*,*,*,*,*,*,*,*,*,*,*
b7d,a,x,b
0,479,2,73
1,486,10,124
*,*,*,*,*,*,*,*,*,*,*
b7e,a,x,b
0,445,1,109
1,478,4,135
*,*,*,*,*,*,*,*,*,*,*
b7f,a,x,b
0,483,3,59
1,523,8,76
*,*,*,*,*,*,*,*,*,*,*
b8a,a,x,b
0,54,2,45
1,63,2,129
*,*,*,*,*,*,*,*,*,*,*
b8b,a,x,b
0,91,1,95
1,69,2,284
*,*,*,*,*,*,*,*,*,*,*
b8c,a,x,b
0,132,1,41
1,131,3,68
*,*,*,*,*,*,*,*,*,*,*
b8d,a,x,b
0,41,1,33
1,64,4,55
*,*,*,*,*,*,*,*,*,*,*
b8e,a,x,b
0,56,4,54
1,63,1,69
*,*,*,*,*,*,*,*,*,*,*
b8f,a,x,b
0,35,4,22
1,48,4,23
*,*,*,*,*,*,*,*,*,*,*
b9a,a,x,b
0,456,18,77
1,494,21,100
*,*,*,*,*,*,*,*,*,*,*
b9b,a,x,b
0,350,5,201
1,269,6,347
*,*,*,*,*,*,*,*,*,*,*
b9c,a,x,b
0,247,8,297
1,276,9,333
*,*,*,*,*,*,*,*,*,*,*
b9d,a,x,b
0,407,2,135
1,270,8,341
*,*,*,*,*,*,*,*,*,*,*
b10a,a,b
0,276,282
1,188,438
*,*,*,*,*,*,*,*,*,*,*
b10b1,a,b
0,161,93
1,156,23
*,*,*,*,*,*,*,*,*,*,*
b10b2,a,b
0,157,97
1,122,57
*,*,*,*,*,*,*,*,*,*,*
b10b3,a,b
0,217,37
1,153,26
*,*,*,*,*,*,*,*,*,*,*
b10c1,a,b
0,197,57
1,71,108
*,*,*,*,*,*,*,*,*,*,*
b10c2,a,b
0,214,40
1,150,29
*,*,*,*,*,*,*,*,*,*,*
b10d,a,b
0,239,15
1,172,7
*,*,*,*,*,*,*,*,*,*,*
b10e,a,b
0,228,26
1,161,18
*,*,*,*,*,*,*,*,*,*,*
b11,null
0,541
1,623
*,*,*,*,*,*,*,*,*,*,*
b12,null
0,549
1,622
*,*,*,*,*,*,*,*,*,*,*
c1,a,x,c,b
0,488,6,0,63
1,576,1,2,51
*,*,*,*,*,*,*,*,*,*,*
c2,a,x,b
0,124,8,417
1,55,16,545
*,*,*,*,*,*,*,*,*,*,*
c4a,a,x,b
0,352,8,188
1,328,5,283
*,*,*,*,*,*,*,*,*,*,*
c4c,a,x,b
0,347,6,198
1,275,0,344
*,*,*,*,*,*,*,*,*,*,*
c4b,a,x,b
0,449,7,73
1,427,10,174
*,*,*,*,*,*,*,*,*,*,*
c4c1,a,x,b
0,468,7,61
1,502,7,103
*,*,*,*,*,*,*,*,*,*,*
c4c2,a,x,b
0,477,5,55
1,454,6,150
*,*,*,*,*,*,*,*,*,*,*
c4d,a,x,b
0,479,5,39
1,509,13,83
*,*,*,*,*,*,*,*,*,*,*
c4f,a,x,b
0,487,8,25
1,541,8,51
*,*,*,*,*,*,*,*,*,*,*
c4g,a,x,b
0,460,5,66
1,473,8,129
*,*,*,*,*,*,*,*,*,*,*
c4e,a,x,b
0,463,9,62
1,458,9,143
*,*,*,*,*,*,*,*,*,*,*
c4h,a,x,b
0,464,4,75
1,388,6,222
*,*,*,*,*,*,*,*,*,*,*
c4i,a,x,b
0,489,6,22
1,515,8,85
*,*,*,*,*,*,*,*,*,*,*
c4j,a,x,b
0,490,4,22
1,564,11,29
*,*,*,*,*,*,*,*,*,*,*
c4k,a,x,b
0,482,7,22
1,566,9,18
*,*,*,*,*,*,*,*,*,*,*
c4l,a,x,b
0,490,8,20
1,552,8,43
*,*,*,*,*,*,*,*,*,*,*
c4o,a,x,b
0,478,6,49
1,519,5,92
*,*,*,*,*,*,*,*,*,*,*
c4m,a,x,b
0,486,4,38
1,523,4,83
*,*,*,*,*,*,*,*,*,*,*
c4n,a,x,b
0,492,6,22
1,560,6,41
*,*,*,*,*,*,*,*,*,*,*
c4o1,a,x,b
0,474,5,37
1,543,3,57
*,*,*,*,*,*,*,*,*,*,*
c4r,a,x,b
0,446,5,62
1,465,10,128
*,*,*,*,*,*,*,*,*,*,*
c4p,a,x,b
0,313,9,206
1,225,2,388
*,*,*,*,*,*,*,*,*,*,*
c4t,a,x,b
0,458,5,64
1,471,4,137
*,*,*,*,*,*,*,*,*,*,*
c4q,a,x,b
0,425,5,90
1,437,4,165
*,*,*,*,*,*,*,*,*,*,*
c4u,a,x,b
0,420,6,97
1,349,4,262
*,*,*,*,*,*,*,*,*,*,*
c4t1,a,x,b
0,424,9,82
1,400,2,207
*,*,*,*,*,*,*,*,*,*,*
c4v,a,x,b
0,420,6,94
1,424,7,180
*,*,*,*,*,*,*,*,*,*,*
c4w,a,x,b
0,467,6,42
1,506,5,104
*,*,*,*,*,*,*,*,*,*,*
c4x,a,x,b
0,309,5,223
1,324,1,292
*,*,*,*,*,*,*,*,*,*,*
c4y,a,x,b
0,331,3,213
1,439,1,176
*,*,*,*,*,*,*,*,*,*,*
c4z,a,x,b
0,389,5,147
1,489,2,120
*,*,*,*,*,*,*,*,*,*,*
c4bb,a,x,b
0,380,5,150
1,354,0,259
*,*,*,*,*,*,*,*,*,*,*
c4cc,a,x,b
0,286,3,252
1,304,1,309
*,*,*,*,*,*,*,*,*,*,*
c4cc1,a,x,b
0,482,6,35
1,518,5,78
*,*,*,*,*,*,*,*,*,*,*
c4gg,a,x,b
0,399,4,114
1,350,1,265
*,*,*,*,*,*,*,*,*,*,*
c4ee,a,x,b
0,449,4,64
1,458,5,145
*,*,*,*,*,*,*,*,*,*,*
c4ff,a,x,b
0,467,5,41
1,489,4,107
*,*,*,*,*,*,*,*,*,*,*
c4hh,a,x,b
0,474,3,38
1,498,4,105
*,*,*,*,*,*,*,*,*,*,*
c4hh1,a,x,b
0,468,4,36
1,505,5,93
*,*,*,*,*,*,*,*,*,*,*
c4hh2,a,x,b
0,480,7,19
1,564,4,34
*,*,*,*,*,*,*,*,*,*,*
c6a,a,x,b
0,401,3,127
1,376,5,221
*,*,*,*,*,*,*,*,*,*,*
c6b,a,x,b
0,446,5,73
1,414,5,190
*,*,*,*,*,*,*,*,*,*,*
c6c,a,x,b
0,435,2,91
1,321,3,290
*,*,*,*,*,*,*,*,*,*,*
c6d,a,x,b
0,487,3,38
1,508,3,97
*,*,*,*,*,*,*,*,*,*,*
c6e,a,x,b
0,452,4,68
1,457,4,141
*,*,*,*,*,*,*,*,*,*,*
c6f,a,x,b
0,466,4,46
1,477,4,119
*,*,*,*,*,*,*,*,*,*,*
c6g,a,x,b
0,470,8,30
1,503,2,88
*,*,*,*,*,*,*,*,*,*,*
c6g1,a,x,b
0,444,4,64
1,463,5,131
*,*,*,*,*,*,*,*,*,*,*
c6h,a,x,b
0,470,4,35
1,505,6,87
*,*,*,*,*,*,*,*,*,*,*
c7a,a,x,b
0,394,2,114
1,396,5,197
*,*,*,*,*,*,*,*,*,*,*
c7b,a,x,b
0,433,3,68
1,397,6,197
*,*,*,*,*,*,*,*,*,*,*
c7c,a,x,b
0,421,2,83
1,303,3,298
*,*,*,*,*,*,*,*,*,*,*
c7d,a,x,b
0,458,2,46
1,494,4,95
*,*,*,*,*,*,*,*,*,*,*
c7e,a,x,b
0,444,3,52
1,456,8,132
*,*,*,*,*,*,*,*,*,*,*
c7f,a,x,b
0,452,6,36
1,476,4,111
*,*,*,*,*,*,*,*,*,*,*
c7g,a,x,b
0,465,4,25
1,492,4,92
*,*,*,*,*,*,*,*,*,*,*
c7g1,a,x,b
0,444,5,45
1,469,5,115
*,*,*,*,*,*,*,*,*,*,*
c7h,a,x,b
0,462,4,30
1,489,7,93
*,*,*,*,*,*,*,*,*,*,*
c8a,a,x,b
0,271,5,73
1,390,8,128
*,*,*,*,*,*,*,*,*,*,*
c8b,a,x,b
0,274,3,68
1,358,4,159
*,*,*,*,*,*,*,*,*,*,*
c8c,a,x,b
0,245,3,100
1,230,3,294
*,*,*,*,*,*,*,*,*,*,*
c8d,a,x,b
0,311,2,35
1,429,6,85
*,*,*,*,*,*,*,*,*,*,*
c8e,a,x,b
0,296,3,47
1,393,3,124
*,*,*,*,*,*,*,*,*,*,*
c8f,a,x,b
0,303,2,36
1,416,3,102
*,*,*,*,*,*,*,*,*,*,*
c8g,a,x,b
0,312,1,26
1,420,5,95
*,*,*,*,*,*,*,*,*,*,*
c8g1,a,x,b
0,294,2,50
1,390,6,122
*,*,*,*,*,*,*,*,*,*,*
c8h,a,x,b
0,313,4,28
1,441,4,78
*,*,*,*,*,*,*,*,*,*,*
c9a,a,x,b
0,306,4,40
1,258,5,70
*,*,*,*,*,*,*,*,*,*,*
c9b,a,x,b
0,284,4,58
1,249,3,81
*,*,*,*,*,*,*,*,*,*,*
c9c,a,x,b
0,250,3,98
1,201,3,137
*,*,*,*,*,*,*,*,*,*,*
c9d,a,x,b
0,320,2,27
1,280,7,47
*,*,*,*,*,*,*,*,*,*,*
c9e,a,x,b
0,309,1,36
1,262,5,67
*,*,*,*,*,*,*,*,*,*,*
c9f,a,x,b
0,299,4,40
1,261,5,73
*,*,*,*,*,*,*,*,*,*,*
c9g,a,x,b
0,302,3,34
1,273,5,58
*,*,*,*,*,*,*,*,*,*,*
c9g1,a,x,b
0,310,2,24
1,284,6,40
*,*,*,*,*,*,*,*,*,*,*
c9h,a,x,b
0,294,2,40
1,264,4,65
*,*,*,*,*,*,*,*,*,*,*
c10a,a,x,b
0,434,0,74
1,405,5,184
*,*,*,*,*,*,*,*,*,*,*
c10b,a,x,b
0,411,0,101
1,400,5,194
*,*,*,*,*,*,*,*,*,*,*
c10c,a,x,b
0,397,1,112
1,335,3,263
*,*,*,*,*,*,*,*,*,*,*
c10d,a,x,b
0,370,1,150
1,363,6,234
*,*,*,*,*,*,*,*,*,*,*
c10e,a,x,b
0,456,1,56
1,410,3,184
*,*,*,*,*,*,*,*,*,*,*
c10f,a,x,b
0,423,0,92
1,361,5,236
*,*,*,*,*,*,*,*,*,*,*
c10g,a,x,b
0,460,2,48
1,430,5,165
*,*,*,*,*,*,*,*,*,*,*
c10h,a,x,b
0,472,4,35
1,466,3,130
*,*,*,*,*,*,*,*,*,*,*
c10i,a,x,b
0,464,3,30
1,496,6,83
*,*,*,*,*,*,*,*,*,*,*
e1a,a,x,b
0,240,5,291
1,64,3,548
*,*,*,*,*,*,*,*,*,*,*
e1b,a,x,b
0,237,6,117
1,143,6,386
*,*,*,*,*,*,*,*,*,*,*
e1c,a,x,b
0,441,6,47
1,360,18,220
*,*,*,*,*,*,*,*,*,*,*
e1f1,a,x,b
0,411,4,80
1,422,18,158
*,*,*,*,*,*,*,*,*,*,*
e1f2,a,x,b
0,439,5,58
1,397,18,184
*,*,*,*,*,*,*,*,*,*,*
e1f3,a,x,b
0,369,4,120
1,271,14,316
*,*,*,*,*,*,*,*,*,*,*
e1f4,a,x,b
0,435,5,57
1,466,18,119
*,*,*,*,*,*,*,*,*,*,*
e1f5,a,x,b
0,440,5,46
1,465,20,111
*,*,*,*,*,*,*,*,*,*,*
e1i,a,x,b
0,339,8,169
1,196,11,388
*,*,*,*,*,*,*,*,*,*,*
e1g,a,x,b
0,346,8,168
1,191,9,400
*,*,*,*,*,*,*,*,*,*,*
e1h,a,x,b
0,376,2,136
1,205,4,388
*,*,*,*,*,*,*,*,*,*,*
e1k,a,x,b
0,366,6,150
1,243,8,345
*,*,*,*,*,*,*,*,*,*,*
e1k1,a,x,b
0,450,5,47
1,406,20,158
*,*,*,*,*,*,*,*,*,*,*
e1l,a,x,b
0,135,5,219
1,78,4,454
*,*,*,*,*,*,*,*,*,*,*
e1m,a,x,b
0,104,2,253
1,38,2,498
*,*,*,*,*,*,*,*,*,*,*
e1m1,a,x,b
0,183,2,173
1,66,3,470
*,*,*,*,*,*,*,*,*,*,*
e1n,a,x,b
0,129,3,223
1,51,2,484
*,*,*,*,*,*,*,*,*,*,*
e1o,a,x,b
0,109,4,243
1,38,3,497
*,*,*,*,*,*,*,*,*,*,*
e1p,a,x,b
0,225,5,117
1,130,4,395
*,*,*,*,*,*,*,*,*,*,*
e1p1,a,x,b
0,251,5,88
1,206,6,315
*,*,*,*,*,*,*,*,*,*,*
e1t,a,x,b
0,386,4,118
1,325,11,254
*,*,*,*,*,*,*,*,*,*,*
e1q,a,x,b
0,56,3,86
1,40,3,161
*,*,*,*,*,*,*,*,*,*,*
e1s,a,x,b
0,412,9,58
1,348,19,215
*,*,*,*,*,*,*,*,*,*,*
e1r,a,x,b
0,388,5,89
1,318,13,255
*,*,*,*,*,*,*,*,*,*,*
e1u,a,x,b
0,402,6,74
1,405,17,169
*,*,*,*,*,*,*,*,*,*,*
e1v,a,x,b
0,214,2,297
1,77,4,521
*,*,*,*,*,*,*,*,*,*,*
e1w,a,x,b
0,321,4,162
1,177,13,402
*,*,*,*,*,*,*,*,*,*,*
e1x,a,x,b
0,386,7,99
1,341,13,232
*,*,*,*,*,*,*,*,*,*,*
e1x1,a,x,b
0,409,4,65
1,363,17,203
*,*,*,*,*,*,*,*,*,*,*
e3a,a,x,b
0,269,17,58
1,269,26,228
*,*,*,*,*,*,*,*,*,*,*
e3b,a,x,b
0,127,5,239
1,55,6,479
*,*,*,*,*,*,*,*,*,*,*
e3c,a,x,b
0,280,4,62
1,264,12,244
*,*,*,*,*,*,*,*,*,*,*
e3d,a,x,b
0,285,4,51
1,278,26,211
*,*,*,*,*,*,*,*,*,*,*
e3e,a,x,b
0,286,10,40
1,338,21,150
*,*,*,*,*,*,*,*,*,*,*
e3f,a,x,b
0,129,7,222
1,58,12,465
*,*,*,*,*,*,*,*,*,*,*
e3g,a,x,b
0,193,10,148
1,103,11,413
*,*,*,*,*,*,*,*,*,*,*
e3h,a,x,b
0,233,6,117
1,167,18,337
*,*,*,*,*,*,*,*,*,*,*
e3i,a,x,b
0,238,7,94
1,171,19,331
*,*,*,*,*,*,*,*,*,*,*
e3j,a,x,b
0,192,6,155
1,171,10,342
*,*,*,*,*,*,*,*,*,*,*
d1d,a,b
0,460,34
1,489,112
*,*,*,*,*,*,*,*,*,*,*
d1e,a,b
0,482,11
1,580,20
*,*,*,*,*,*,*,*,*,*,*
d1f,a,b
0,465,28
1,553,47
*,*,*,*,*,*,*,*,*,*,*
d1a,a,b
0,88,406
1,16,586
*,*,*,*,*,*,*,*,*,*,*
d1c,a,b
0,448,46
1,452,147
*,*,*,*,*,*,*,*,*,*,*
d1b,a,b
0,482,11
1,580,18
*,*,*,*,*,*,*,*,*,*,*
d1g,a,b
0,197,297
1,245,356
*,*,*,*,*,*,*,*,*,*,*
d1h,a,b
0,482,11
1,547,51
*,*,*,*,*,*,*,*,*,*,*
d1i,a,b
0,465,28
1,481,119
*,*,*,*,*,*,*,*,*,*,*
d1j,a,b
0,493,0
1,587,11
*,*,*,*,*,*,*,*,*,*,*
d2d,a,x,b
0,211,15,138
1,236,13,282
*,*,*,*,*,*,*,*,*,*,*
d2e,a,x,b
0,229,16,115
1,214,9,306
*,*,*,*,*,*,*,*,*,*,*
d2f,a,x,b
0,254,16,84
1,296,7,223
*,*,*,*,*,*,*,*,*,*,*
d2a,a,x,b
0,279,23,229
1,284,39,273
*,*,*,*,*,*,*,*,*,*,*
d2b,a,x,b
0,223,24,278
1,198,27,373
*,*,*,*,*,*,*,*,*,*,*
d2c,a,x,b
0,170,19,175
1,104,16,407
*,*,*,*,*,*,*,*,*,*,*
d12,a,c,b,e,d
0,66,160,54,10,43
1,246,94,70,17,92
*,*,*,*,*,*,*,*,*,*,*
d13,a,null,b,c
0,203,138,5,0
1,110,28,281,105
*,*,*,*,*,*,*,*,*,*,*
d14a,a,b,null
0,28,221,100
1,9,270,250
*,*,*,*,*,*,*,*,*,*,*
d14b,a,b,null
0,250,29,17
1,369,85,17
*,*,*,*,*,*,*,*,*,*,*
d14c,a,b,null
0,264,20,6
1,402,54,12
*,*,*,*,*,*,*,*,*,*,*
d14d,a,b,null
0,264,17,9
1,415,36,15
*,*,*,*,*,*,*,*,*,*,*
d14e,a,b,null
0,240,35,17
1,302,123,47
*,*,*,*,*,*,*,*,*,*,*
d14f,a,b,null
0,256,23,12
1,331,105,35
*,*,*,*,*,*,*,*,*,*,*
d14g,a,b,null
0,217,72,26
1,272,163,39
*,*,*,*,*,*,*,*,*,*,*
d15a,a,b
0,133,192
1,223,73
*,*,*,*,*,*,*,*,*,*,*
d15b,a,b
0,278,47
1,257,37
*,*,*,*,*,*,*,*,*,*,*
d15c,a,b
0,268,57
1,219,75
*,*,*,*,*,*,*,*,*,*,*
d15d,a,b
0,255,70
1,210,85
*,*,*,*,*,*,*,*,*,*,*
d15e,a,b
0,212,113
1,198,97
*,*,*,*,*,*,*,*,*,*,*
d15f,a,b
0,175,151
1,136,160
*,*,*,*,*,*,*,*,*,*,*
d7a,a,c,b,e,d,g,f,i,h,o,n,x,k,m,l
0,36,49,63,38,58,9,28,1,5,1,3,25,0,0,0
1,31,28,36,39,48,91,85,24,33,7,16,35,16,13,15
*,*,*,*,*,*,*,*,*,*,*
d7b,a,c,b,e,d,g,f,o,x,i,h,k,m,l,n
0,83,35,58,14,26,4,8,1,41,0,0,0,0,0,0
1,58,65,71,40,70,22,41,2,60,4,9,2,5,3,2
*,*,*,*,*,*,*,*,*,*,*
d7c,a,c,b,e,d,g,f,h,x,i,k,m,l,o,n
0,87,29,59,13,25,3,9,1,40,0,0,0,0,0,0
1,93,57,73,40,72,18,34,9,45,5,2,1,3,1,1
*,*,*,*,*,*,*,*,*,*,*
d8,a,x,c,b
0,177,32,19,92
1,307,11,57,146
*,*,*,*,*,*,*,*,*,*,*
d9a,a,x,b
0,63,13,264
1,50,9,470
*,*,*,*,*,*,*,*,*,*,*
d9b,a,x,b
0,50,12,279
1,54,7,465
*,*,*,*,*,*,*,*,*,*,*
d9c,a,x,b
0,151,26,158
1,155,11,358
*,*,*,*,*,*,*,*,*,*,*
d9d,a,x,b
0,215,16,99
1,300,10,216
*,*,*,*,*,*,*,*,*,*,*
d9e,a,x,b
0,183,22,132
1,121,7,399
*,*,*,*,*,*,*,*,*,*,*
d9f,a,x,b
0,147,22,166
1,143,8,379
*,*,*,*,*,*,*,*,*,*,*
d9g,a,x,b
0,211,25,92
1,391,8,129
*,*,*,*,*,*,*,*,*,*,*
d9j,a,x,b
0,213,25,88
1,300,17,204
*,*,*,*,*,*,*,*,*,*,*
d9k,a,x,b
0,224,14,88
1,292,21,209
*,*,*,*,*,*,*,*,*,*,*
d10,a,x,c,b
0,54,19,9,247
1,106,10,13,398
*,*,*,*,*,*,*,*,*,*,*
f1a,a,x,b
0,433,8,72
1,461,4,128
*,*,*,*,*,*,*,*,*,*,*
f1b,a,x,b
0,462,6,28
1,537,5,44
*,*,*,*,*,*,*,*,*,*,*
f1c,a,x,b
0,427,7,61
1,477,7,103
*,*,*,*,*,*,*,*,*,*,*
f1d,a,x,b
0,454,8,31
1,533,5,41
*,*,*,*,*,*,*,*,*,*,*
f1e,a,x,b
0,461,6,31
1,538,5,38
*,*,*,*,*,*,*,*,*,*,*
f1f,a,x,b
0,444,7,38
1,501,8,69
*,*,*,*,*,*,*,*,*,*,*
f1g,a,x,b
0,440,3,53
1,519,8,55
*,*,*,*,*,*,*,*,*,*,*
f1h,a,x,b
0,458,12,27
1,481,6,99
*,*,*,*,*,*,*,*,*,*,*
f1i,a,x,b
0,462,6,25
1,533,7,39
*,*,*,*,*,*,*,*,*,*,*
f1j,a,x,b
0,434,4,53
1,462,4,118
*,*,*,*,*,*,*,*,*,*,*
f1k,a,x,b
0,441,5,45
1,532,6,40
*,*,*,*,*,*,*,*,*,*,*
f1l,a,x,b
0,447,6,40
1,528,5,40
*,*,*,*,*,*,*,*,*,*,*
f2,a,x,b
0,278,16,43
1,288,16,154
*,*,*,*,*,*,*,*,*,*,*
f3,a,x,b
0,432,13,59
1,481,13,94
*,*,*,*,*,*,*,*,*,*,*
f4,a,x,c,b
0,36,2,9,16
1,56,4,21,11
*,*,*,*,*,*,*,*,*,*,*
f5,a,b,c
0,4,5,0
1,19,1,2
*,*,*,*,*,*,*,*,*,*,*
f6a,a,x,b
0,30,1,31
1,36,1,53
*,*,*,*,*,*,*,*,*,*,*
f6b,a,b,x
0,42,20,0
1,53,31,2
*,*,*,*,*,*,*,*,*,*,*
f6c,a,x,b
0,38,2,23
1,69,0,18
*,*,*,*,*,*,*,*,*,*,*
f6d,a,x,b
0,29,2,33
1,55,3,33
*,*,*,*,*,*,*,*,*,*,*
f6e,a,x,b
0,42,1,20
1,48,2,40
*,*,*,*,*,*,*,*,*,*,*
f6f,a,b
0,12,9
1,15,21
*,*,*,*,*,*,*,*,*,*,*
f6g,a,b
0,18,22
1,32,21
*,*,*,*,*,*,*,*,*,*,*
f6h,a,x,b
0,53,1,10
1,69,2,17
*,*,*,*,*,*,*,*,*,*,*
f8,a,b,x
0,13,47,0
1,9,79,3
*,*,*,*,*,*,*,*,*,*,*
f11,a,x,b
0,431,11,57
1,428,16,133
*,*,*,*,*,*,*,*,*,*,*
f12,a,x,b
0,30,4,25
1,67,5,60
*,*,*,*,*,*,*,*,*,*,*
f13,a,x,b
0,17,3,37
1,54,6,73
*,*,*,*,*,*,*,*,*,*,*
f14a,a,b
0,37,21
1,92,42
*,*,*,*,*,*,*,*,*,*,*
f14b,a,b
0,44,14
1,99,35
*,*,*,*,*,*,*,*,*,*,*
f14j,a,b
0,41,17
1,93,41
*,*,*,*,*,*,*,*,*,*,*
f14k,a,b
0,47,11
1,118,16
*,*,*,*,*,*,*,*,*,*,*
f14l,a,b
0,50,8
1,127,7
*,*,*,*,*,*,*,*,*,*,*
f14m,a
0,58
1,134
*,*,*,*,*,*,*,*,*,*,*
f14c,a,b
0,43,15
1,49,85
*,*,*,*,*,*,*,*,*,*,*
f14n,a,b
0,43,15
1,79,55
*,*,*,*,*,*,*,*,*,*,*
f14o,a,b
0,58,0
1,111,23
*,*,*,*,*,*,*,*,*,*,*
f14d,a,b
0,56,2
1,118,16
*,*,*,*,*,*,*,*,*,*,*
f14e,a,b
0,57,1
1,130,4
*,*,*,*,*,*,*,*,*,*,*
f14p,a,b
0,52,6
1,132,2
*,*,*,*,*,*,*,*,*,*,*
f14q,a
0,58
1,134
*,*,*,*,*,*,*,*,*,*,*
f14r,a,b
0,54,4
1,116,18
*,*,*,*,*,*,*,*,*,*,*
f14f,a,b
0,54,4
1,114,20
*,*,*,*,*,*,*,*,*,*,*
f14g,a,b
0,56,2
1,125,9
*,*,*,*,*,*,*,*,*,*,*
f14h,a,b
0,53,5
1,125,9
*,*,*,*,*,*,*,*,*,*,*
f14i,a,b
0,56,2
1,131,3
*,*,*,*,*,*,*,*,*,*,*
f15,a,x,b
0,28,1,28
1,67,1,64
*,*,*,*,*,*,*,*,*,*,*
f16a,a,b
0,29,25
1,59,67
*,*,*,*,*,*,*,*,*,*,*
f16b,a,b
0,42,12
1,106,20
*,*,*,*,*,*,*,*,*,*,*
f16c,a,b
0,40,14
1,97,29
*,*,*,*,*,*,*,*,*,*,*
f16d,a,b
0,46,8
1,109,17
*,*,*,*,*,*,*,*,*,*,*
f16e,a,b
0,53,1
1,126,0
*,*,*,*,*,*,*,*,*,*,*
f16f,a,b
0,45,9
1,100,26
*,*,*,*,*,*,*,*,*,*,*
f16g,a,b
0,45,9
1,96,30
*,*,*,*,*,*,*,*,*,*,*
f16h,a,b
0,51,3
1,114,12
*,*,*,*,*,*,*,*,*,*,*
f16i,a,b
0,49,5
1,99,27
*,*,*,*,*,*,*,*,*,*,*
f16j,a,b
0,50,4
1,113,13
*,*,*,*,*,*,*,*,*,*,*
f16k,a,b
0,49,5
1,122,4
*,*,*,*,*,*,*,*,*,*,*
f18,a,x,b
0,407,9,113
1,411,24,161
*,*,*,*,*,*,*,*,*,*,*
f19,a,x,b
0,47,1,64
1,95,10,56
*,*,*,*,*,*,*,*,*,*,*
f20a,a,x,b
0,39,2,71
1,84,4,75
*,*,*,*,*,*,*,*,*,*,*
f20b,a,x,b
0,72,4,34
1,62,4,94
*,*,*,*,*,*,*,*,*,*,*
f21a,a,b
0,22,12
1,63,27
*,*,*,*,*,*,*,*,*,*,*
f21b,a,b
0,25,9
1,45,45
*,*,*,*,*,*,*,*,*,*,*
f21c,a,b
0,17,17
1,31,59
*,*,*,*,*,*,*,*,*,*,*
f21d,a,b
0,31,3
1,83,7
*,*,*,*,*,*,*,*,*,*,*
f21e,a,b
0,32,2
1,87,3
*,*,*,*,*,*,*,*,*,*,*
f21f,a,b
0,13,3
1,40,16
*,*,*,*,*,*,*,*,*,*,*
f21g,a,b
0,18,6
1,34,7
*,*,*,*,*,*,*,*,*,*,*
f21h,a,b
0,29,5
1,83,7
*,*,*,*,*,*,*,*,*,*,*
f21i,a
0,34
1,90
*,*,*,*,*,*,*,*,*,*,*
f22a,a,x,b
0,73,3,36
1,56,1,101
*,*,*,*,*,*,*,*,*,*,*
f22b,a,x,b
0,82,2,27
1,104,3,51
*,*,*,*,*,*,*,*,*,*,*
f22c,a,x,b
0,78,1,30
1,115,4,38
*,*,*,*,*,*,*,*,*,*,*
f22d,a,x,b
0,77,1,28
1,112,1,48
*,*,*,*,*,*,*,*,*,*,*
f22e,a,x,b
0,67,1,39
1,96,3,59
*,*,*,*,*,*,*,*,*,*,*
f23,a,x,b
0,39,5,60
1,38,7,110
*,*,*,*,*,*,*,*,*,*,*
f24,a,x,b
0,442,12,73
1,466,23,102
*,*,*,*,*,*,*,*,*,*,*
f25,a,b,x
0,34,38,0
1,56,43,4
*,*,*,*,*,*,*,*,*,*,*
f26a,a,b,x
0,32,40,0
1,50,50,1
*,*,*,*,*,*,*,*,*,*,*
f26b,a,x,b
0,47,1,23
1,42,2,53
*,*,*,*,*,*,*,*,*,*,*
f27a,a,b
0,13,9
1,40,11
*,*,*,*,*,*,*,*,*,*,*
f27b,a,b
0,16,6
1,28,23
*,*,*,*,*,*,*,*,*,*,*
f27c,a,b
0,13,9
1,23,28
*,*,*,*,*,*,*,*,*,*,*
f27d,a,b
0,18,4
1,50,1
*,*,*,*,*,*,*,*,*,*,*
f27e,a,b
0,17,5
1,50,1
*,*,*,*,*,*,*,*,*,*,*
f27f,a,b
0,9,1
1,21,6
*,*,*,*,*,*,*,*,*,*,*
f27g,a,b
0,13,3
1,23,4
*,*,*,*,*,*,*,*,*,*,*
f27h,a,b
0,21,1
1,46,5
*,*,*,*,*,*,*,*,*,*,*
f27i,a,b
0,22,0
1,49,2
*,*,*,*,*,*,*,*,*,*,*
f28,a,x,b
0,419,9,84
1,303,19,257
*,*,*,*,*,*,*,*,*,*,*
f29,a,x,c,b
0,14,7,38,26
1,18,23,176,38
*,*,*,*,*,*,*,*,*,*,*
f31a,a,b,x
0,54,31,0
1,152,96,16
*,*,*,*,*,*,*,*,*,*,*
f31b,a,b,x
0,33,53,0
1,67,186,9
*,*,*,*,*,*,*,*,*,*,*
f31c,a,b,x
0,38,49,0
1,62,189,9
*,*,*,*,*,*,*,*,*,*,*
f32d,a,b
0,16,25
1,85,86
*,*,*,*,*,*,*,*,*,*,*
f32e,a,b
0,27,6
1,73,15
*,*,*,*,*,*,*,*,*,*,*
f32f,a,b
0,8,15
1,18,76
*,*,*,*,*,*,*,*,*,*,*
f32g,a,b
0,45,3
1,161,25
*,*,*,*,*,*,*,*,*,*,*
f32h,a,b
0,41,7
1,179,7
*,*,*,*,*,*,*,*,*,*,*
f32i,a,b
0,46,2
1,171,15
*,*,*,*,*,*,*,*,*,*,*
f32j,a,b
0,41,7
1,164,22
*,*,*,*,*,*,*,*,*,*,*
f32k,a,b
0,46,2
1,182,4
*,*,*,*,*,*,*,*,*,*,*
f32l,a,b
0,45,3
1,175,11
*,*,*,*,*,*,*,*,*,*,*
f32m,a,b
0,45,3
1,178,8
*,*,*,*,*,*,*,*,*,*,*
f32n,a,b
0,43,5
1,164,22
*,*,*,*,*,*,*,*,*,*,*
f32o,a,b
0,46,2
1,179,7
*,*,*,*,*,*,*,*,*,*,*
f33a,a,x,b
0,12,3,32
1,61,11,115
*,*,*,*,*,*,*,*,*,*,*
f33b,a,x,b
0,16,1,30
1,63,8,116
*,*,*,*,*,*,*,*,*,*,*
f33c,a,x,b
0,24,2,21
1,86,13,88
*,*,*,*,*,*,*,*,*,*,*
f33d,a,x,b
0,27,1,18
1,114,10,61
*,*,*,*,*,*,*,*,*,*,*
f33e,a,x,b
0,15,3,29
1,61,4,123
*,*,*,*,*,*,*,*,*,*,*
f34,a,x,b
0,446,11,47
1,430,17,134
*,*,*,*,*,*,*,*,*,*,*
f35,a,x,c,b
0,8,2,26,14
1,10,18,90,14
*,*,*,*,*,*,*,*,*,*,*
f37a,a,x,b
0,34,2,16
1,96,4,33
*,*,*,*,*,*,*,*,*,*,*
f37b,a,b,x
0,29,20,0
1,93,42,1
*,*,*,*,*,*,*,*,*,*,*
f37c,a,b,x
0,19,33,0
1,27,104,4
*,*,*,*,*,*,*,*,*,*,*
f37d,a,x,b
0,34,2,15
1,97,3,35
*,*,*,*,*,*,*,*,*,*,*
f37e,a,b,x
0,32,18,0
1,106,23,3
*,*,*,*,*,*,*,*,*,*,*
f37f,a,b,x
0,34,14,0
1,95,34,4
*,*,*,*,*,*,*,*,*,*,*
f37g,a,x,b
0,29,1,20
1,110,4,18
*,*,*,*,*,*,*,*,*,*,*
f37h,a,b,x
0,34,14,0
1,123,7,2
*,*,*,*,*,*,*,*,*,*,*
f37i,a,x,b
0,19,1,29
1,87,6,39
*,*,*,*,*,*,*,*,*,*,*
f38,a,x,b
0,456,10,32
1,537,16,31
*,*,*,*,*,*,*,*,*,*,*
f39,a,x,b
0,8,1,21
1,10,9,13
*,*,*,*,*,*,*,*,*,*,*
f40a,a,x,b
0,25,1,6
1,21,1,9
*,*,*,*,*,*,*,*,*,*,*
f40b,a,b,x
0,21,10,0
1,22,8,1
*,*,*,*,*,*,*,*,*,*,*
f40c,a,x,b
0,24,1,7
1,21,2,8
*,*,*,*,*,*,*,*,*,*,*
f41a,a,x,b
0,439,7,48
1,469,12,97
*,*,*,*,*,*,*,*,*,*,*
f41b,a,b
0,2,0
1,0,1
*,*,*,*,*,*,*,*,*,*,*
f41c,a,x,b
0,460,5,28
1,464,17,90
*,*,*,*,*,*,*,*,*,*,*
f41d,a,x,b
0,457,5,31
1,457,17,99
*,*,*,*,*,*,*,*,*,*,*
f41e,a,x,b
0,448,16,32
1,479,14,85
*,*,*,*,*,*,*,*,*,*,*
f41f,a,x,b
0,417,5,74
1,411,14,151
*,*,*,*,*,*,*,*,*,*,*
f41g,a,x,b
0,433,9,55
1,312,21,243
*,*,*,*,*,*,*,*,*,*,*
f41h,a,x,b
0,467,4,20
1,499,12,63
*,*,*,*,*,*,*,*,*,*,*
f41i,a,x,b
0,453,8,32
1,531,13,30
*,*,*,*,*,*,*,*,*,*,*
f41j,a
0,1
1,1
*,*,*,*,*,*,*,*,*,*,*
f41k,a
0,0
1,1
*,*,*,*,*,*,*,*,*,*,*
f41l,a,x,b
0,449,8,39
1,465,16,96
*,*,*,*,*,*,*,*,*,*,*
f41m,a,b
0,1,1
1,1,0
*,*,*,*,*,*,*,*,*,*,*
f41n,a,x,b
0,449,7,37
1,484,14,79
*,*,*,*,*,*,*,*,*,*,*
f41o,a,x,b
0,445,4,45
1,481,11,85
*,*,*,*,*,*,*,*,*,*,*
f41p,a,x,b
0,424,6,68
1,385,15,178
*,*,*,*,*,*,*,*,*,*,*
f43a,a,x,b
0,443,7,46
1,465,24,86
*,*,*,*,*,*,*,*,*,*,*
f43b,a,x,b
0,417,9,70
1,413,14,146
*,*,*,*,*,*,*,*,*,*,*
f43c,a,x,b
0,447,12,43
1,529,14,29
*,*,*,*,*,*,*,*,*,*,*
f43d,a,x,b
0,450,9,43
1,489,10,73
*,*,*,*,*,*,*,*,*,*,*
f43e,a,x,b
0,473,6,22
1,528,10,32
*,*,*,*,*,*,*,*,*,*,*
f43f,a,x,b
0,294,5,44
1,261,6,65
*,*,*,*,*,*,*,*,*,*,*
f43g,a,x,b
0,310,6,26
1,265,7,55
*,*,*,*,*,*,*,*,*,*,*
f43h,a,x,b
0,454,9,24
1,518,8,36
*,*,*,*,*,*,*,*,*,*,*
f45a,a,x,b
0,429,6,74
1,385,3,185
*,*,*,*,*,*,*,*,*,*,*
f45b,a,x,b
0,403,8,94
1,406,5,168
*,*,*,*,*,*,*,*,*,*,*
f45c,a,x,b
0,434,9,67
1,451,3,123
*,*,*,*,*,*,*,*,*,*,*
f45d,a,x,b
0,390,7,104
1,366,14,193
*,*,*,*,*,*,*,*,*,*,*
f45e,a,x,b
0,402,10,85
1,366,9,194
*,*,*,*,*,*,*,*,*,*,*
f45f,a,x,b
0,402,9,84
1,284,10,274
*,*,*,*,*,*,*,*,*,*,*
h1,a,b
0,70,437
1,86,474
*,*,*,*,*,*,*,*,*,*,*
h2a,a,b
0,154,360
1,246,334
*,*,*,*,*,*,*,*,*,*,*
h2b,a,b
0,349,165
1,372,208
*,*,*,*,*,*,*,*,*,*,*
h2i,a,b
0,437,76
1,424,156
*,*,*,*,*,*,*,*,*,*,*
h2j,a,b
0,443,71
1,521,60
*,*,*,*,*,*,*,*,*,*,*
h2k,a,b
0,432,82
1,513,67
*,*,*,*,*,*,*,*,*,*,*
h2c,a,b
0,403,110
1,269,312
*,*,*,*,*,*,*,*,*,*,*
h2l,a,b
0,510,4
1,530,50
*,*,*,*,*,*,*,*,*,*,*
h2d,a,b
0,474,40
1,510,70
*,*,*,*,*,*,*,*,*,*,*
h2m,a,b
0,456,58
1,434,146
*,*,*,*,*,*,*,*,*,*,*
h2e,a,b
0,508,5
1,569,11
*,*,*,*,*,*,*,*,*,*,*
h2n,a,b
0,510,3
1,579,1
*,*,*,*,*,*,*,*,*,*,*
h2o,a,b
0,498,15
1,568,12
*,*,*,*,*,*,*,*,*,*,*
h2p,a,b
0,508,5
1,571,9
*,*,*,*,*,*,*,*,*,*,*
h2q,a,b
0,497,16
1,555,25
*,*,*,*,*,*,*,*,*,*,*
h2f,a,b
0,503,10
1,519,61
*,*,*,*,*,*,*,*,*,*,*
h2g,a,b
0,503,10
1,563,17
*,*,*,*,*,*,*,*,*,*,*
h2h,a,b
0,479,34
1,558,22
*,*,*,*,*,*,*,*,*,*,*
i1,a,x,b
0,348,27,134
1,325,29,212
*,*,*,*,*,*,*,*,*,*,*
i2a,a,x,b
0,60,15,449
1,52,16,512
*,*,*,*,*,*,*,*,*,*,*
i2b,a,x,b
0,24,8,495
1,22,15,544
*,*,*,*,*,*,*,*,*,*,*
i2c,a,x,b
0,29,5,500
1,25,8,556
*,*,*,*,*,*,*,*,*,*,*
i3b,a,x,b
0,133,6,386
1,104,14,457
*,*,*,*,*,*,*,*,*,*,*
i3c,a,x,b
0,134,10,383
1,106,15,450
*,*,*,*,*,*,*,*,*,*,*
i3d,a,x,b
0,110,12,405
1,105,11,471
*,*,*,*,*,*,*,*,*,*,*
i3a,a,x,b
0,105,11,412
1,104,8,476
*,*,*,*,*,*,*,*,*,*,*
i4a,a,x,b
0,297,11,201
1,288,14,273
*,*,*,*,*,*,*,*,*,*,*
i4b,a,x,b
0,248,8,245
1,219,12,340
*,*,*,*,*,*,*,*,*,*,*
i4c,a,x,b
0,270,7,227
1,260,14,299
*,*,*,*,*,*,*,*,*,*,*
i4d,a,x,b
0,298,8,199
1,289,10,275
*,*,*,*,*,*,*,*,*,*,*
i4e,a,x,b
0,279,9,217
1,278,10,278
*,*,*,*,*,*,*,*,*,*,*
i4f,a,x,b
0,296,10,200
1,296,10,265
*,*,*,*,*,*,*,*,*,*,*
i4g,a,x,b
0,310,6,172
1,282,17,264
*,*,*,*,*,*,*,*,*,*,*
i4h,a,x,b
0,293,6,195
1,304,14,259
*,*,*,*,*,*,*,*,*,*,*
i4i,a,x,b
0,289,6,197
1,284,18,261
*,*,*,*,*,*,*,*,*,*,*
i4j,a,x,b
0,289,7,194
1,283,19,266
*,*,*,*,*,*,*,*,*,*,*
i4k,a,x,b
0,76,5,47
1,154,13,95
*,*,*,*,*,*,*,*,*,*,*
i5a,a,x,b
0,293,8,191
1,294,15,252
*,*,*,*,*,*,*,*,*,*,*
i5b,a,x,b
0,301,6,188
1,255,12,298
*,*,*,*,*,*,*,*,*,*,*
i5c,a,x,b
0,263,8,228
1,276,15,281
*,*,*,*,*,*,*,*,*,*,*
i5d,a,x,b
0,268,15,219
1,317,10,243
*,*,*,*,*,*,*,*,*,*,*
i5e,a,x,b
0,329,15,147
1,372,12,179
*,*,*,*,*,*,*,*,*,*,*
i5f,a,x,b
0,307,12,181
1,375,12,180
*,*,*,*,*,*,*,*,*,*,*
i6a,a,x,b
0,112,42,289
1,196,55,287
*,*,*,*,*,*,*,*,*,*,*
i6b,a,x,b
0,127,18,301
1,308,32,212
*,*,*,*,*,*,*,*,*,*,*
i6c,a,x,b
0,157,17,285
1,380,30,152
*,*,*,*,*,*,*,*,*,*,*
i6d,a,x,b
0,180,22,277
1,351,28,181
*,*,*,*,*,*,*,*,*,*,*
i6e,a,x,b
0,185,14,291
1,270,37,230
*,*,*,*,*,*,*,*,*,*,*
i6f,a,x,b
0,85,30,313
1,233,48,243
*,*,*,*,*,*,*,*,*,*,*
i6g,a,x,b
0,101,22,299
1,261,36,227
*,*,*,*,*,*,*,*,*,*,*
i6h,a,x,b
0,171,26,238
1,360,28,160
*,*,*,*,*,*,*,*,*,*,*
i6i,a,x,b
0,234,19,217
1,409,18,138
*,*,*,*,*,*,*,*,*,*,*
i6j,a,x,b
0,148,30,254
1,200,54,253
*,*,*,*,*,*,*,*,*,*,*
i6k,a,x,b
0,148,29,246
1,309,29,207
*,*,*,*,*,*,*,*,*,*,*
i7a,a,x,b
0,342,29,42
1,395,49,85
*,*,*,*,*,*,*,*,*,*,*
i7b,a,x,b
0,326,26,61
1,394,35,102
*,*,*,*,*,*,*,*,*,*,*
i7c,a,x,b
0,244,17,205
1,279,29,245
*,*,*,*,*,*,*,*,*,*,*
i7d,a,x,b
0,295,14,129
1,323,25,192
*,*,*,*,*,*,*,*,*,*,*
i7e,a,x,b
0,335,20,62
1,334,38,153
*,*,*,*,*,*,*,*,*,*,*
i7f,a,x,b
0,336,13,64
1,361,31,135
*,*,*,*,*,*,*,*,*,*,*
i7g,a,x,b
0,345,12,54
1,390,34,103
*,*,*,*,*,*,*,*,*,*,*
i7h,a,x,b
0,340,14,57
1,317,28,179
*,*,*,*,*,*,*,*,*,*,*
i7i,a,x,b
0,349,24,41
1,390,45,89
*,*,*,*,*,*,*,*,*,*,*
i8a,a,x,b
0,193,6,112
1,307,11,176
*,*,*,*,*,*,*,*,*,*,*
i8b,a,x,b
0,321,10,101
1,370,16,166
*,*,*,*,*,*,*,*,*,*,*
i8c,a,x,b
0,182,12,131
1,270,16,215
*,*,*,*,*,*,*,*,*,*,*
i8d,a,x,b
0,336,10,104
1,398,11,140
*,*,*,*,*,*,*,*,*,*,*
i8e,a,x,b
0,165,9,108
1,327,8,149
*,*,*,*,*,*,*,*,*,*,*
i8f,a,x,b
0,200,7,55
1,372,11,92
*,*,*,*,*,*,*,*,*,*,*
j1,a,x,b
0,55,6,478
1,61,11,478
*,*,*,*,*,*,*,*,*,*,*
j5a,a,x,b
0,253,5,272
1,156,7,379
*,*,*,*,*,*,*,*,*,*,*
j5b,a,x,b
0,320,6,194
1,233,8,294
*,*,*,*,*,*,*,*,*,*,*
j5c,a,x,b
0,325,6,179
1,241,12,272
*,*,*,*,*,*,*,*,*,*,*
j5d,a,x,b
0,340,7,162
1,251,10,254
*,*,*,*,*,*,*,*,*,*,*
j5e,a,x,b
0,343,11,153
1,290,10,226
*,*,*,*,*,*,*,*,*,*,*
j5f,a,x,b
0,298,11,200
1,213,10,300
*,*,*,*,*,*,*,*,*,*,*
j5g,a,x,b
0,309,9,191
1,197,12,316
*,*,*,*,*,*,*,*,*,*,*
j5h,a,x,b
0,360,6,129
1,293,14,202
*,*,*,*,*,*,*,*,*,*,*
j5i,a,x,b
0,344,9,135
1,281,10,221
*,*,*,*,*,*,*,*,*,*,*
k1a,a,x,b
0,131,15,375
1,54,20,509
*,*,*,*,*,*,*,*,*,*,*
k1b,a,x,b
0,139,14,367
1,64,11,504
*,*,*,*,*,*,*,*,*,*,*
k1c,a,x,b
0,157,12,350
1,56,10,516
*,*,*,*,*,*,*,*,*,*,*
k1d,a,x,b
0,231,10,270
1,161,13,394
*,*,*,*,*,*,*,*,*,*,*
k2a,a,x,b
0,291,10,208
1,212,10,344
*,*,*,*,*,*,*,*,*,*,*
k2b,a,x,b
0,295,9,200
1,212,8,346
*,*,*,*,*,*,*,*,*,*,*
k2c,a,x,b
0,331,10,161
1,239,10,310
*,*,*,*,*,*,*,*,*,*,*
k2d,a,x,b
0,331,12,146
1,269,11,278
*,*,*,*,*,*,*,*,*,*,*
k2e,a,x,b
0,322,13,156
1,258,10,292
*,*,*,*,*,*,*,*,*,*,*
k2f,a,x,b
0,339,9,139
1,278,11,264
*,*,*,*,*,*,*,*,*,*,*
k3,a,x,b
0,300,12,187
1,213,10,340
*,*,*,*,*,*,*,*,*,*,*
k4a,a,x,b
0,77,10,432
1,50,15,501
*,*,*,*,*,*,*,*,*,*,*
k4b,a,x,b
0,145,11,364
1,103,10,456
*,*,*,*,*,*,*,*,*,*,*
k4c,a,x,b
0,131,6,383
1,80,14,475
*,*,*,*,*,*,*,*,*,*,*
a14,a,x,b
0,58,17,467
1,44,21,517
*,*,*,*,*,*,*,*,*,*,*
a15,a,x,b
0,102,7,421
1,111,11,459
*,*,*,*,*,*,*,*,*,*,*
a16,a,x,b
0,162,11,356
1,203,18,349
*,*,*,*,*,*,*,*,*,*,*
a17,a,x,b
0,68,9,455
1,59,12,503
*,*,*,*,*,*,*,*,*,*,*
a17a,a,x,b
0,66,12,458
1,43,9,528
*,*,*,*,*,*,*,*,*,*,*
a18,a,x,b
0,92,10,436
1,61,8,516
*,*,*,*,*,*,*,*,*,*,*
a19,a,x,b
0,236,12,266
1,305,56,158
*,*,*,*,*,*,*,*,*,*,*
a20a,a,x,b
0,226,5,304
1,181,7,407
*,*,*,*,*,*,*,*,*,*,*
a20b,a,x,b
0,68,5,462
1,52,5,536
*,*,*,*,*,*,*,*,*,*,*
a20c,a,x,b
0,404,7,119
1,461,8,120
*,*,*,*,*,*,*,*,*,*,*
a20d,a,x,b
0,369,6,154
1,430,9,146
*,*,*,*,*,*,*,*,*,*,*
a20e,a,x,b
0,444,7,76
1,506,8,69
*,*,*,*,*,*,*,*,*,*,*
a20f,a,x,b
0,203,8,316
1,123,6,459
*,*,*,*,*,*,*,*,*,*,*
a20g,a,x,b
0,269,8,248
1,206,12,354
*,*,*,*,*,*,*,*,*,*,*
a20h,a,x,b
0,309,9,206
1,318,10,253
*,*,*,*,*,*,*,*,*,*,*
a20i,a,x,b
0,290,5,234
1,243,6,331
*,*,*,*,*,*,*,*,*,*,*
a20j,a,x,b
0,189,7,333
1,203,6,370
*,*,*,*,*,*,*,*,*,*,*
a20k,a,x,b
0,327,11,187
1,303,10,259
*,*,*,*,*,*,*,*,*,*,*
a20l,a,x,b
0,134,8,377
1,91,11,476
*,*,*,*,*,*,*,*,*,*,*
a20n,a,x,b
0,230,9,277
1,174,11,392
*,*,*,*,*,*,*,*,*,*,*
a20o,a,x,b
0,109,11,400
1,61,7,517
*,*,*,*,*,*,*,*,*,*,*
a20p,a,x,b
0,160,13,342
1,117,7,454
*,*,*,*,*,*,*,*,*,*,*
a20q,a,x,b
0,224,10,286
1,318,12,245
*,*,*,*,*,*,*,*,*,*,*
a20r,a,x,b
0,300,6,212
1,344,13,212
*,*,*,*,*,*,*,*,*,*,*
a20s,a,x,b
0,65,7,452
1,62,9,514
*,*,*,*,*,*,*,*,*,*,*
a20t,a,x,b
0,296,6,211
1,206,10,356
*,*,*,*,*,*,*,*,*,*,*
a20u,a,x,b
0,145,7,367
1,99,15,463
*,*,*,*,*,*,*,*,*,*,*
a20v,a,x,b
0,107,6,404
1,87,11,475
*,*,*,*,*,*,*,*,*,*,*
a20w,a,x,b
0,128,6,379
1,92,16,466
*,*,*,*,*,*,*,*,*,*,*
a20x,a,x,b
0,93,5,421
1,61,9,504
*,*,*,*,*,*,*,*,*,*,*
a21a,a,x,b
0,186,15,309
1,179,18,376
*,*,*,*,*,*,*,*,*,*,*
a21b,a,x,b
0,307,14,195
1,309,19,247
*,*,*,*,*,*,*,*,*,*,*
a21c,a,x,b
0,278,15,223
1,215,19,335
*,*,*,*,*,*,*,*,*,*,*
a21d,a,x,b
0,232,10,273
1,275,18,278
*,*,*,*,*,*,*,*,*,*,*
a22a,a,b
0,225,50
1,295,67
*,*,*,*,*,*,*,*,*,*,*
a22b,a,b
0,216,59
1,291,71
*,*,*,*,*,*,*,*,*,*,*
a22c,a,b
0,242,33
1,322,40
*,*,*,*,*,*,*,*,*,*,*
a22d,a,b
0,188,87
1,256,106
*,*,*,*,*,*,*,*,*,*,*
a22e,a,b
0,255,20
1,333,29
*,*,*,*,*,*,*,*,*,*,*
a22f,a,b
0,231,44
1,296,66
*,*,*,*,*,*,*,*,*,*,*
a22g,a,b
0,262,13
1,347,15
*,*,*,*,*,*,*,*,*,*,*
a22h,a,b
0,213,62
1,253,109
*,*,*,*,*,*,*,*,*,*,*
a22j,a,b
0,204,71
1,253,109
*,*,*,*,*,*,*,*,*,*,*
a22i,a,b
0,246,29
1,288,74
*,*,*,*,*,*,*,*,*,*,*
a22k,a,b
0,270,5
1,346,16
*,*,*,*,*,*,*,*,*,*,*
a22l,a,b
0,264,11
1,342,20
*,*,*,*,*,*,*,*,*,*,*
a22m,a,b
0,274,1
1,355,7
*,*,*,*,*,*,*,*,*,*,*
a22n,a,b
0,269,6
1,353,9
*,*,*,*,*,*,*,*,*,*,*
a22o,a,b
0,269,6
1,353,9
*,*,*,*,*,*,*,*,*,*,*
a23,a,x,b
0,269,5,82
1,314,8,108
*,*,*,*,*,*,*,*,*,*,*
a24a,a,x,b
0,416,10,84
1,442,16,105
*,*,*,*,*,*,*,*,*,*,*
a24b,a,x,b
0,403,8,101
1,428,13,125
*,*,*,*,*,*,*,*,*,*,*
a25a,a,x,b
0,468,4,24
1,492,16,60
*,*,*,*,*,*,*,*,*,*,*
a25b,a,x,b
0,463,7,42
1,455,18,101
*,*,*,*,*,*,*,*,*,*,*
a25c,a,x,b
0,430,14,41
1,509,22,42
*,*,*,*,*,*,*,*,*,*,*
a25d,a,x,b
0,433,8,61
1,486,4,75
*,*,*,*,*,*,*,*,*,*,*
a25e,a,x,b
0,462,14,23
1,533,11,25
*,*,*,*,*,*,*,*,*,*,*
a25f,a,x,b
0,444,8,37
1,487,10,73
*,*,*,*,*,*,*,*,*,*,*
a26a,a,x,b
0,213,12,264
1,123,10,428
*,*,*,*,*,*,*,*,*,*,*
a26b,a,x,b
0,253,12,215
1,183,13,349
*,*,*,*,*,*,*,*,*,*,*
a26c,a,x,b
0,169,18,298
1,104,13,432
*,*,*,*,*,*,*,*,*,*,*
a26d,a,x,b
0,199,17,273
1,108,14,431
*,*,*,*,*,*,*,*,*,*,*
a26g,a,x,b
0,163,17,318
1,88,15,454
*,*,*,*,*,*,*,*,*,*,*
a27,a,x,b
0,35,4,504
1,36,8,560
*,*,*,*,*,*,*,*,*,*,*
a28,a,x,b
0,523,9,2
1,588,10,5
*,*,*,*,*,*,*,*,*,*,*
a29a,a,x,b
0,226,10,269
1,160,11,400
*,*,*,*,*,*,*,*,*,*,*
a29b,a,x,b
0,234,12,250
1,195,9,367
*,*,*,*,*,*,*,*,*,*,*
g1a,a,c,b
0,413,9,47
1,469,17,91
*,*,*,*,*,*,*,*,*,*,*
g1b,a,c,b
0,426,6,36
1,490,12,63
*,*,*,*,*,*,*,*,*,*,*
g1c,a,c,b
0,413,12,52
1,414,8,149
*,*,*,*,*,*,*,*,*,*,*
g2a,a,c,b
0,429,9,23
1,482,18,57
*,*,*,*,*,*,*,*,*,*,*
g2b,a,c,b
0,418,17,35
1,467,17,78
*,*,*,*,*,*,*,*,*,*,*
g2c,a,c,b
0,428,14,26
1,491,17,60
*,*,*,*,*,*,*,*,*,*,*
g2d,a,c,b
0,437,13,17
1,498,13,61
*,*,*,*,*,*,*,*,*,*,*
g3a,a,c,b
0,10,1,12
1,47,0,14
*,*,*,*,*,*,*,*,*,*,*
g3b,a,c,b
0,19,1,14
1,49,5,28
*,*,*,*,*,*,*,*,*,*,*
g3c,a,c,b
0,12,3,11
1,40,3,18
*,*,*,*,*,*,*,*,*,*,*
g3d,a,b,c
0,8,8,0
1,52,10,1
*,*,*,*,*,*,*,*,*,*,*
g4,a,c,b,e,d
0,29,3,15,3,1
1,91,6,12,17,2
*,*,*,*,*,*,*,*,*,*,*
g5,a,c,b,e,d,g,f,i,h,j
0,9,8,9,6,1,2,2,1,1,7
1,23,9,14,12,3,1,5,2,22,27
*,*,*,*,*,*,*,*,*,*,*
g9a,a,b
0,35,15
1,89,18
*,*,*,*,*,*,*,*,*,*,*
g9b,a,b
0,42,8
1,94,13
*,*,*,*,*,*,*,*,*,*,*
g9c,a,b
0,40,10
1,94,13
*,*,*,*,*,*,*,*,*,*,*
g9d,a,b
0,44,6
1,103,4
*,*,*,*,*,*,*,*,*,*,*
g9e,a,b
0,40,10
1,99,8
*,*,*,*,*,*,*,*,*,*,*
g9f,a,b
0,43,7
1,95,12
*,*,*,*,*,*,*,*,*,*,*
g9g,a,b
0,39,11
1,78,29
*,*,*,*,*,*,*,*,*,*,*
g9h,a,b
0,46,4
1,104,3
*,*,*,*,*,*,*,*,*,*,*
g9j,a,b
0,48,2
1,101,6
*,*,*,*,*,*,*,*,*,*,*
g9i,a,b
0,48,2
1,102,5
*,*,*,*,*,*,*,*,*,*,*
g9k,a,b
0,47,3
1,97,10
*,*,*,*,*,*,*,*,*,*,*
